actual,test
7334250.0,3799836.4862619275
10775.0,26756.913633455937
2968710.0,3189012.9173838804
68082.0,69587.37074302006
3306272.0,4072838.4789242833
10066098.0,5192250.0
9170621.0,7887539.44225786
12621168.0,9467008.823364673
5040804.0,5944166.151929154
72758.0,139764.27553059495
2050875.0,534869.8528105537
7629388.0,11342409.3239406
1302871.0,4003756.3948754184
33858.0,1220326.4881845869
9202458.0,8266036.938135947
9516931.0,6995501.733058223
7798482.0,4974902.527306186
3979146.0,5982470.859666149
15285318.0,10694058.952897377
1933909.0,5848330.761859999
558812.0,588792.7923654616
2131287.0,3256955.014292887
7292384.0,9488233.438343065
13289976.0,22471874.317134403
876850.0,4490822.642144481
20544846.0,16045609.955092309
3488406.0,3687670.761346275
11562963.0,11048267.735362992
1274280.0,5638628.302800596
33642.0,101556.0
9243066.0,6063282.342589483
5906360.0,4986716.845809418
8677901.82,9957427.92460355
4138422.0,5974758.927921457
21935676.0,17441601.796722565
8945538.0,11078980.721518159
13516774.0,14038100.13109856
11305644.0,13306995.22547207
8994258.0,9290262.868855737
1032562.0,1353506.7343360966
3387174.0,4635457.466574224
8632160.0,11155302.09706143
385410.0,5794403.108072858
3360513.0,5309254.519926855
17298414.0,16188065.839678247
6284334.0,6738350.145357367
13002041.0,12585983.31689898
157859.0,1064363.704647613
1101684.0,3462415.603987044
2476483.0,1807137.4310262452
850689.0,4633054.994056682
3604363.0,3226973.4972072085
4981494.0,5643208.881603678
6525544.0,4210060.755036559
361599.0,410831.9627055709
52360.0,51325.0
14028.0,3010743.410436867
7081998.0,7737322.786598958
64596.0,60058.86719114186
15911624.32,679430.2310867155
140448.0,1068167.6200277624
0.0,6396914.50421765
8706.0,9560934.9487727
7620715.0,8356731.021630822
848569.0,3118451.5032804157
23232298.0,22609879.839779068
3645198.0,4682537.814804435
36110.0,702293.7961573846
2788842.0,3608073.0016967705
17426149.0,43879490.44746808
109746.0,109746.0
5768.0,5606.0029734453965
1528904.0,1731888.0
10361106.0,8760295.42175367
15305930.0,14184233.126751285
53920.0,54688.14771638244
3700029.0,4919472.521322532
131727.0,171600.30295106387
270396.0,633733.032413616
3989748.0,4465110.98540988
5606117.0,6393621.666479865
13944162.0,15939608.799842503
16000.0,16336.303156070262
1481265.0,4117053.1346783624
824938.0,3112202.2545580147
3139626.0,2721232.79825875
2474430.0,2972106.5658481712
2074926.0,1973375.9410031957
49851.0,4491744.8474819
7961592.0,8679599.751679055
5671361.0,3992208.651743457
133787.0,71601.59633950685
2355004.0,2354452.809119897
8135946.0,5485394.115569066
2165579.0,5604839.998041745
5388222.0,6294298.1487145275
5350.0,6306.569708760745
52507.0,67373.90450887698
4084080.0,588762.3982820394
10606974.0,9670665.27335466
12740154.0,13067648.157205008
3311280.0,3658139.104402869
2269833.44604317,2231345.0669562146
4504143.0,4604857.662319542
3936412.0,3592987.2382378015
29062866.0,26197504.904903088
7175188.0,6742036.480843056
136416.0,2072388.0794440121
3801386.0,2975293.425905234
10561878.0,12483235.957960062
7755384.0,7830835.000671175
20438237.0,2929460.002401459
26576256.0,4910897.096090221
19914886.0,1632304.4022680905
2053793.0,7003690.773389612
6826.0,9792.138934303406
8256314.0,6216769.053538572
143749.0,2650716.5461421045
21144480.0,18355675.529646013
1384673.0,6289028.51413912
822570.0,507738.988631545
8973678.0,8389462.096178258
3232926.0,3442700.005455874
7866978.0,6964699.5322795
8310466.92,13214893.530893914
7890966.0,8584142.338864645
4851462.0,4312806.388117824
5000.0,80214.7340893069
1479324.0,2978091.151035541
295588.0,4564665.939857317
7504308.0,6910274.252845522
27886320.0,15920150.548675219
1920030.0,2721139.2392303455
11248692.0,11350427.401573297
84042.0,128137.57011578225
5887.0,5862.706598080531
1741782.0,6423727.244866084
6770652.0,6295038.122508918
20314.0,764639.1386863525
118230.0,116368.6265556424
5114298.0,20588085.912833497
629664.0,8694444.319139574
4300.0,1442341.5130426753
1841196.0,1941849.0
8841504.0,4843719.266691419
21905.0,342525.848069442
112085.0,317858.80235261476
3612147.0,4071670.2549435236
16000.0,16000.000000000002
2225103.0,2289339.1176619073
6573709.0,6918465.594879421
121069.0,5912231.2207447225
4759920.0,4524619.435989703
854469.0,854469.0
788088.0,3117070.5296951747
2316930.0,1941141.960179007
1595034.0,3628043.9027569825
1967086.0,4805889.644350454
86134.0,112617.84359655295
11088.0,61144.77322697188
112140.0,117439.07461069584
8025442.0,2063527.2666547103
275184.0,6503978.054309919
1922093.0,2450979.2323985375
117306.0,169398.753248087
3400845.0,3713754.9456048766
247681.0,308665.8310619115
336000.0,336000.0
3407922.0,4514057.846566449
14018172.0,10685176.711785069
5353663.0,7736766.721296881
70518.0,75472.3929151628
2462541.0,2641587.646965526
146779.0,1868009.832409915
852516.0,968263.885651855
2487530.0,1539563.0
7955823.0,7835546.403583858
4799200.0,5880126.962258924
144297.0,160496.76159603338
17093413.0,6678190.3232106315
2128489.0,4507727.549161725
9727368.0,5927589.581468135
1560361.0,2136244.0623358553
178752.0,1074918.2957686777
7002819.0,11994073.268744316
4893630.0,3588749.296507191
1077144.0,1043837.940158749
5681340.0,5835332.176995245
8867586.0,2729829.7533218227
10735326.0,9709511.503149288
884478.0,94700.0
22051.0,22918.25382028019
3508920.0,3445273.640296891
1048844.0,661949.6048045221
60438.0,94622.78208559201
362888.0,3195616.5857172175
5899307.0,8146560.0
11744593.0,9498820.729714284
2290218.0,4051478.1215741383
4999117.0,4909385.6854126165
5544251.0,5456328.691893613
5780797.0,5841893.1979047265
2303112.0,2377743.2287878557
1816626.0,1808415.5347008824
11978320.0,8328591.479311817
5782.0,6173.104368686771
6642248.0,5480232.406881153
4352654.0,4564383.480043664
8071780.0,2695135.3953187633
6027015.0,14292425.87163711
1480836.0,4417939.738851145
3094920.0,2031614.7257891784
1092845.0,1597328.4441773086
391708.0,433969.7429090693
702450.0,6758471.828880383
20530166.0,6055724.139623531
1799868.0,1740639.787949272
145613.0,774767.0
95185.0,334041.68982632423
266347.0,179674.90417504645
143962.0,16152572.111176582
3023789.0,9294218.808555603
42277.0,78720.94549556961
5483884.0,14612888.27110526
6488454.0,6597156.354439728
128814.0,125128.48436440404
2632056.0,2723834.092406338
8868335.0,10518971.488028012
16000.0,15999.999999999998
814254.0,1016494.6934904959
9102870.0,8743358.628580403
49980.0,1336150.6736911926
8295336.0,9475857.636209553
2138481.0,248291.2684679258
18099690.0,15345613.986522464
1804701.0,1993018.5481760218
368000.0,447113.32991418533
16588362.0,14942176.275598967
7473805.0,10505263.003885804
3773196.0,4344284.971322396
3673447.0,6931120.3814779045
9036491.0,6466058.347484903
14431032.0,13839615.650111696
149310.0,4380455.432936591
5905368.0,6079212.806928175
2472078.0,1886840.6009133034
2242380.0,2981107.3916749964
4746.0,100612.23621006962
659610.0,6491233.406172904
20679708.0,18808572.541724354
4436678.0,4164441.8714592573
55146.0,70596.31966269773
15209931.0,13498156.434650743
488880.0,495927.2591509059
9418710.0,8759632.864453226
2285577.0,2449767.5787902046
4970.0,18980.79108738536
595597.0,437969.9295011876
5275969.02,4536283.35400988
2680423.0,2680423.0
2418803.75,1454279.575446307
11102826.0,10945824.30350122
3696840.0,2100353.4107423853
588294.0,1359990.7750596146
21840.0,63485.92635946709
2843933.0,1753044.898662886
10613400.0,11515823.929956125
1572349.0,3203076.5975716147
1461465.0,3032252.899412119
95466.0,119224.53661435767
13391826.0,10640368.28237997
4753703.0,5289468.306896749
115206.0,1159967.8701806925
124000.0,5839057.918682227
2378532.0,6521704.5639188
16926.0,16250.894478471864
1822547.0,1997286.6294257198
16634478.0,16077870.088550266
8356320.0,12481538.839063585
9163686.0,5653377.905130704
80556.0,83791.57571691672
192100.0,476100.5543499158
290702.0,291839.5203077042
9055620.0,9482540.856337583
78178.0,445826.6203122183
600368.0,671198.0356457143
719925.0,719925.0
5189566.0,5511857.042730721
1915368.0,1702845.4288907591
12239705.0,9376396.90522963
85092.0,74368.70296102185
201369.0,552032.1965948044
4370731.0,4105118.6109488867
622356.0,1328569.3417188015
1583053.0,2209702.807575522
5520825.0,5274735.765936962
3958420.0,2437853.181380659
3582180.0,7426192.110323273
8829871.0,9524195.977207238
3412668.0,3592369.55473866
5695071.0,7518431.956043201
5519.0,6234.880673515033
4597866.0,4849891.205075137
370314.0,4780629.378663567
813692.0,13109138.339108808
7985166.0,8902178.009602768
12374544.0,10245171.020368587
3077097.0,3239677.2356842426
1551018.0,1358782.6701386066
64974.0,35184.35247283526
2574033.0,2821455.5648326864
20941963.0,25878345.524513964
19159097.0,18783738.973044515
1858567.0,1854808.0
8678292.0,8197547.145836669
66024.0,612412.9934428411
49518.0,547881.2606053555
83344.0,85806.0
14293276.0,7857007.151922287
7410496.0,6013205.036889013
803263.0,3412335.2701884517
6056022.0,5834865.95924063
3926286.0,4509808.040935595
1382747.0,2587332.2231076527
6233285.0,6806342.449698821
26667194.0,20043188.161401622
14822850.0,17187699.451306578
170601.0,8608825.661487404
7897974.0,7959344.684025011
6923868.0,3099582.155795466
4574821.0,6206052.217444509
159261.0,167388.54491462169
97692.0,72020.40264644656
22210.0,2658679.393117934
1124890.0,1613606.1385460175
19204515.96,14301928.401358232
8281476.0,6653211.71438355
3817884.0,4042251.8574540527
1772358.0,2674306.9055991783
1179993.0,4549348.204989508
2031120.0,4077629.5242579808
3650796.0,3152809.521324712
14970606.0,14970606.0
1400902.0,9308727.338568846
7146048.0,9585090.855735807
21632016.0,11521464.96491678
11876937.0,11791915.173966117
16000.0,16000.0
5535.0,5785.95567992938
20593379.0,17787772.139294386
13178124.0,11625179.94915273
16593068.0,3493600.466092991
3320721.0,3263000.388281731
4378513.0,3653208.540678971
75726.0,96802.08787464003
1606920.0,3557413.7355002984
3700688.0,3675283.124702821
12738002.0,4842688.203863456
23222850.0,7737208.941805913
4390361.0,6430338.045321815
17540676.0,25340214.243164495
6837012.0,8125346.754758622
1764882.0,2713559.9118357617
951006.0,1332982.769301858
1978872.0,6921721.805829302
4698414.0,7368818.572628395
5098537.0,5485400.178408159
688283.0,2961919.7675539483
230328.0,392999.8644178493
2215105.0,2172399.683815619
2120118.0,2072733.1826926924
2695075.0,2691509.9087155783
7719723.0,6769407.142053231
4744374.0,3816290.9480491043
9548231.0,7546357.443134306
8006933.0,4862878.149020759
4129658.0,4743242.579977861
22073898.0,12182366.70618213
2259054.0,3718974.254304101
11467436.0,4888051.497277874
5609808.0,4586743.516121078
1081206.0,2756979.314666625
105588.0,98623.53192516604
85350.0,194538.71537916196
9222176.0,4807865.58887978
154812.0,1677591.5211752905
10385912.0,10950283.738098944
1221305.0,5887939.520118606
9178770.0,7558425.703366513
1929900.0,1894309.5620789777
108990.0,109136.95675977955
85565.0,90812.24397312009
10080.0,8736.0
564258.0,5651051.957420935
10000000.0,3127258.6826702226
1677060.0,4124594.56373704
13929.0,13301.28792783718
149898.0,3018241.778254479
324834.0,1028466.0642765799
8709834.0,10597890.383764645
286608.0,849655.0070611964
6789846.0,6838582.54456538
12261900.0,7193261.4112858195
1578000.0,2590183.5841658665
1150437.0,756894.8915769263
4779718.0,5506535.365195076
10112130.0,4550233.339999067
304294.0,3390869.1094884747
23299425.0,24792003.599545233
4897116.0,4456636.547584915
181167.0,175093.25565056156
10029498.0,9517751.386607226
3890539.0,4804161.755900595
8963268.0,11857077.555482032
6265963.0,6664171.412823533
2180012.0,1522325.7130358906
11738076.0,11626199.4547721
5428319.0,1162562.399000725
2958526.0,4204680.472525117
2281642.0,11699511.598079728
3989147.0,11649858.609790865
6773676.0,9500291.374899419
77654.0,121874.90045936345
20287718.0,4058159.7593679214
8147328.0,9192650.282603968
7896924.0,6961585.235380306
4713406.0,4679012.64790406
363321.0,360252.73932500556
5364996.0,6470945.350136501
3797283.0,5105224.109804428
7305148.0,2087486.908265086
6471436.0,5784070.916268384
4470771.0,11907117.487059936
78330.0,1828061.1379605194
19717171.0,15287505.285210254
1227219.0,3395515.454183177
279964.0,210567.82487683924
232000.0,4431049.67021546
37254.0,50711.886214413156
22941.0,23391.518099638022
1076777.0,987546.4610307114
1986558.0,5256498.25939134
2267622.0,7423916.335590783
1513092.0,12307165.499390498
13834884.0,11365808.880382774
11551764.0,2804152.135757101
6112218.0,6462669.010836215
717200.0,482648.0
24279182.0,22854853.37743273
21504.0,23654.223895977557
603192.0,604965.8046306794
737226.0,4596380.366846569
1736532.0,1224328.6520147102
507187.0,3860215.453639594
3094221.0,7949555.540974151
525155.0,66074.02570483973
4641792.0,5321291.41094614
54653.0,65792.86877469072
7126098.0,7169801.2961408645
2327346.0,3487384.5185581404
1116280.0,1740939.7856524407
8070258.0,7642791.71436669
2441418.0,19561610.044755477
38215.0,87378.92424102117
11608254.0,10865328.804028958
3763746.0,4125687.0032368232
12584977.0,12330649.563338282
7642920.6,2381222.2453197194
1430987.0,1901175.6485506399
7291029.0,6370479.696908494
1499359.0,1818199.7879130684
1719895.0,7395112.261313561
12161575.0,10076004.51625359
2473655.0,3253023.941172961
7659960.0,9460896.91646429
16968.0,18726.431584735634
95035.0,10621276.232035127
13893621.84,12488009.668368405
8963.0,1923982.3459043368
9219942.0,7742620.282604168
7692438.0,5106834.919904304
3292086.0,3814920.7598517598
1552362.0,3726671.9091571746
717889.0,717889.0
120048.0,136512.66862937534
6177064.0,6123549.3119200785
7509012.0,7998764.496382357
5117281.0,5238172.21745438
600104.0,9028471.52261701
2306277.0,7869097.737644427
679350.0,1495513.070759413
198000.0,278671.9016076755
5923218.0,12462974.285485186
2367162.0,2123907.1636303915
426258.0,992270.7174109243
24518806.0,7740770.306447729
1700608.0,1612797.6811929555
7839552.0,5893800.697148054
3439098.75,3980618.4420488114
5693980.0,7471621.775819421
86069.0,114092.47010394119
4300015.0,4466370.47245653
76870.0,8116682.720287314
15443022.0,7754243.933492406
5406660.0,7530825.862731955
7719468.0,8057414.957430432
5109392.0,4301265.974866098
7918804.0,6436203.558625006
263458.0,337363.29139850184
2394353.0,1146406.8565513247
44257.0,37657.472008845674
3600744.0,2349627.5232670824
2975706.0,2773683.8225114224
6837054.0,6796866.728423371
34155262.0,12723161.945517033
2026458.0,3571827.2437129626
3228964.0,4003405.8295800188
15004710.0,13536951.823418897
12348.0,121765.59169357571
26090652.0,26090652.0
5006918.0,4774713.275630537
336108.0,3606872.3399806167
1972404.0,2974624.5522050443
1789834.0,1833936.2035380192
1624940.0,1430138.3888723713
8327340.0,4979483.057495103
14659043.0,6232334.095581701
62370.0,69869.06398450297
12121704.0,10060475.309609078
11857712.0,10629980.459587354
1205190.0,10120104.638648713
1093176.0,1354734.9498913458
2757155.0,3691293.951545844
8729830.0,9489032.85795523
3157872.0,5105368.467835232
552947.0,335419.10729523597
4019904.0,2791108.941898262
15776068.0,14773507.580277422
5265795.0,8151317.301997702
10354.0,332370.22620244446
8690682.0,9751252.20311978
8836172.0,5524534.094147334
91980.0,84949.2335485251
9208206.0,7259315.464678409
15003366.0,13619295.831320543
1324890.0,1236238.0535709735
1428378.0,1776406.3673525222
1449420.0,4994786.216787973
10300920.0,7135128.741087383
13406033.0,19708687.654980958
116340.0,116708.9761115125
10681314.0,10718190.0
3578096.0,3462654.3388242084
3326051.0,2445292.218808441
1983366.0,1796966.3989599168
8153727.0,7444112.757046807
7077966.0,4085851.4471121076
8480430.0,8480430.0
2424997.0,4313710.929689376
9912084.0,8504889.244842676
3002431.5,3374363.922654716
13149141.0,7910429.255242356
5228202.0,4200789.581980112
2206470.0,7282295.972831149
3718309.0,2995635.226071492
6236765.0,3641029.9767164453
16699788.0,8561402.60978126
8894151.0,8067133.82132446
3055771.0,5964811.161999371
709896.0,3578800.219837299
2478837.0,1645900.4728675254
658846.0,6165400.823007575
12321120.0,2507490.5440539275
270144.0,1339742.6092617668
31165293.0,2136086.175004056
9018198.0,8491883.889243321
5789754.0,7395070.435349238
7125216.0,6354910.173701174
3999618.0,3902205.41343774
4364397.71,4095724.7042867546
113358.0,84370.00456999172
0.0,4213323.6904907925
22260.0,352926.19781894126
8598744.0,7544864.81685022
4222503.0,4515113.384855415
374178.0,837321.4472134007
9585324.0,11340750.367000185
14395668.0,11267596.807639498
3570862.0,3731327.6280378415
1834266.0,3481231.443665334
88612.0,52564.42287724328
174440.0,117621.22261750733
1783236.0,2149488.182925039
10473963.0,9533970.978015257
9898029.0,14396619.467196228
94741.0,454376.8621160184
8729154.0,8729154.0
8315729.0,7018828.278186467
2477622.0,1329535.8320738524
55373.0,96281.26386060084
12999420.0,6499710.0
15498.0,15946.468490371633
6169548.0,8840096.677790552
34705.0,64364.04624736479
2904135.0,4802469.897880369
69327.0,59033.0
6933483.0,6272350.608956073
145488.0,145488.0
36619794.0,36205855.39724343
61278.0,65462.17742552154
1852704.0,3485363.9645143286
7669410.0,9531032.834331807
5593295.0,6754167.383960111
4904130.0,5056351.445622035
6464934.0,7503342.930573843
7290150.0,10982535.752180986
6049932.0,6292919.599624787
1036933.0,1238931.7269062535
4326999.0,1116776.6332027894
4002002.0,2134688.446447371
4384086.0,4006081.393804197
2279634.0,2279634.0
1341845.0,1380598.9170043657
9784572.0,8360922.126163366
2770001.0,3275707.8865430136
3430232.0,2919407.202588088
4880285.0,5252643.752413954
5502462.0,8796682.546305366
101262.0,83121.93870728114
2657706.0,7143049.373426381
8987749.0,8263231.658434203
16587527.0,7041720.249885073
7277130.0,4867851.642210024
106218.0,105779.18060667011
1351056.0,4181411.659220259
509103.0,3398938.7682831273
9694562.0,10425610.494131356
5811708.0,5724563.381979393
2022006.0,4936848.0
3746576.0,2419650.2648401908
1921118.0,1921118.0
1115730.0,2210761.684389894
23021413.0,23585651.429024562
13583736.0,6718814.083561616
3292985.0,3485571.9261716465
3827728.0,3570827.8188893944
942137.0,1002978.4238861073
4589179.0,4650003.938196502
2352633.0,2348933.210583857
241500.0,248195.34147687993
22097479.0,16021538.592753872
2208422.0,5107938.498358869
1684032.0,2448399.1604988873
13452618.0,4809491.332212672
25872661.0,17324128.94796057
2947359.0,997479.0
7435480.0,6665346.476374649
1702554.0,3002811.3616638253
3655516.0,1710037.442848914
7201870.0,5471963.133309528
9130086.0,9094889.18577331
21206922.0,11562455.662514167
149643.0,8564614.18652292
4785551.0,3338279.6262122965
468248.0,10479799.29251778
7308.0,17729.815143951713
938687.0,4110399.056912286
79437.0,83389.52403661884
76272.0,23243.641104512084
1077090.0,2027643.6509408378
4921056.0,3603078.833298812
262723.0,5163648.977105146
16787484.0,16308562.987067673
22512.0,843102.2682622091
202889.030775913,183915.11321663504
45859.0,67915.03554008348
1816487.0,2381732.6965035717
1361224.0,1620964.8896080577
41580.0,62708.54471645627
4121502.0,4348445.131920021
1309421.0,10515916.93271203
20990909.0,21288664.45821926
2626470.0,2268540.1693520867
3037890.0,4811916.759926973
25432518.0,12728115.570862219
115273.0,1292159.7442019153
379147.0,293136.3544671119
45528.0,3653857.504040439
3741006.0,5128862.5694842
5455766.0,4426011.322617026
6925442.0,6557923.041726033
7455672.0,4819430.397289786
6381900.0,5755807.299566666
3797672.0,4102210.651511525
53592.0,2681501.3269692473
19194.0,26866.680183224216
3121927.0,3037949.886206056
10748808.0,8080879.200337686
631638.0,1831799.6007585605
63222.0,63222.0
1120951.0,9385982.647802275
4074294.0,3279292.1177572217
3117177.0,4285825.058603158
1631574.0,3464650.0392303537
5315478.0,4573644.566819084
16016910.0,16289532.0
1619594.0,1619594.0
17031126.0,17820152.703872778
936852.0,2365035.5623274352
389134.0,883468.7474274886
2114085.0,3217652.8051144592
8388116.0,7553398.469941779
30819.0,327632.8202901744
3649277.0,2343247.5
1812946.0,2246034.463058912
718578.0,12594450.027545534
18285624.0,17926241.764850833
7866222.0,7397292.0
4265184.0,6152791.6602466265
3868705.0,4048974.5238447306
113610.0,128108.32458553933
373359.0,450193.6076450152
9432822.0,7089745.476787965
7249956.0,4528191.945201098
82105.0,138361.52086751946
11386867.0,15243636.915922394
1912630.0,6107792.879205074
109607.0,1144928.3661249173
5590748.9,7843894.609822773
237105.0,376322.5133088113
4644002.0,4217463.396928055
3189137.0,4159691.257985848
11066.0,92884.33156011094
1000012.0,2618295.61085186
1361419.0,1364442.0211329472
1458799.0,1458799.0
6543348.0,10960320.0
6936353.0,11394567.844561342
1299685.8,7206254.74483671
2133768.0,5715195.169396678
126175.0,70313.36692580594
21583054.0,8527280.030356085
419916.0,2627784.100880612
9553111.0,11280847.115428733
3465452.0,2817922.177294417
8600255.0,7244966.636668518
8066688.0,6985162.347360287
14502824.0,11393362.33206501
39071.0,2052160.1490604065
1687019.0,976656.3455922436
6913956.0,7366280.386654832
6126708.0,6642411.631378774
4625115.0,4893825.854207689
5678533.0,6026914.352624089
65940.0,72314.07026869844
6680228.0,6543131.498319517
2804833.0,6854760.827805462
83267.0,686799.9537579857
6724632.0,9492752.37998128
5257938.0,5946916.288182161
5853652.4,5563585.793957689
8500.0,8976.816699120212
4284.0,438783.35360465135
1348074.0,3354869.1406892915
1621624.0,15508040.899167681
25742.0,881501.0152000836
13706195.0,5587526.324930147
3442379.0,8544637.863876391
1025976.0,1234010.4501524386
21032802.0,21979242.96712123
12336618.0,12684626.194865238
12042492.0,13411190.05470511
2497550.0,1767974.5379105418
7795704.0,2160734.8724662918
1096762.0,8332629.839972141
4002187.0,3317862.438192194
5222028.0,8727849.74301829
331338.0,1120222.2929819534
21592830.0,20468160.754457
374182.0,249717.22891153823
91224.0,132849.10671586584
1120404.0,6053935.047273689
9592380.0,7191898.365615295
70441.0,72530.93584781793
9099972.0,9597936.349424576
88620.0,85922.03595212361
4347378.0,4511400.722911724
16548.0,1441888.3470437229
4159344.0,3291430.5447475174
3705874.0,3384154.160596677
414904.0,1239740.0
9001566.0,7078919.2832601685
7389475.274,6275891.348075645
10248462.0,6774017.667009793
1594740.0,1804755.0231865544
23814.0,35800.61353207147
11133864.0,6233301.147708873
84634.0,163853.0878256175
3907470.0,9623998.601997398
3592573.0,3387621.0178327626
6041280.0,1813795.593101114
0.0,0.0
9228618.0,9106478.344700366
8202390.0,15291054.69381641
2558330.0,3024077.639220342
72454.0,6066735.578788828
12779538.0,11341131.259174308
49051.0,124026.07522228465
14698293.0,12818343.422944898
11567132.0,9218413.409968702
1428423.0,1622646.2274341108
233504.0,3254318.566280639
100842.0,102381.70843378112
9715727.0,10550227.147979641
493024.0,3358368.8971414333
12616338.0,11260074.013186133
17816358.0,8471633.600801766
2489634.0,4739799.220187374
7862284.0,7424939.073998555
72660.0,2288867.830364318
5373604.0,16116745.8476506
8092067.0,6322923.450603675
6522759.0,6687647.642863727
15427819.0,14938093.815924484
79736.0,91930.77799847025
17415930.0,14044681.63992799
4478617.0,3433428.8226103433
15124199.0,8649100.684131054
4839282.0,5268649.80224523
7220.0,9329.629462200404
16737084.0,8433757.826959958
7526736.0,8253125.203935708
5334.0,159865.48153575085
22606864.0,13107148.667703398
26578614.0,18761230.21620645
14415282.0,14076790.40451687
5880126.0,3967272.51984723
847123.0,3188403.7794006565
117054.0,3627487.473831206
2086185.0,3607066.540739129
9490638.0,9763468.115403723
5595384.0,7232086.315907522
5628367.0,2901391.5658004945
1359750.0,1378478.7157240657
7017843.0,8687588.180269253
4910362.0,4910362.0
6941254.0,4930960.013707583
1074883.0,1488637.47467884
535080.0,625747.0425959687
70056.0,85348.09204188711
6075930.0,7096154.983314377
7754922.0,5753784.075634661
1958124.0,2608069.5433001635
105012.0,2201151.627848648
2688084.0,2651377.5122114536
8614299.0,9403080.153486717
720135.0,1240290.3819236995
2247000.0,1131360.2487784093
1802766.0,1818022.9886135526
2029776.0,2972594.3355245492
4681446.0,5195535.055134506
2771076.0,2771076.0
2019143.0,2356548.1835100264
2870151.0,3027428.4660376236
3363521.0,3406685.7872929736
112602.0,2205170.9778442886
1204625.0,5312347.0270060785
245226.0,141016.9622458288
23617.0,4779610.346682945
71926.0,72839.19645929747
3164256.0,3200555.0264504855
6040986.0,2326456.7555543366
419519.0,4154565.1537547843
117138.0,248255.85519005236
1923852.0,2710353.269573069
137420.0,110359.00111577944
8808444.0,5812966.516203273
5907444.0,9918740.937630115
6943510.0,8177893.797418385
3465000.0,3575136.1800195696
2847993.0,2902277.6889291704
8890066.0,13113075.27621998
8106.0,16783.85739715982
88494.0,7725782.11797717
1335432.0,1231316.5216931612
42042.0,115798.69017949834
2071398.0,2405762.391229664
109914.0,96080.94319124165
1241969.0,8898236.944561863
208455.0,210066.64370894837
6784047.0,5788082.52154873
6488737.0,5779721.854860314
18622296.0,10611912.789885195
1458764.0,1592027.9699233996
308070.0,292768.0309925851
3558240.0,3271378.1977284425
4486146.0,2198697.3844740414
2275549.0,2156844.937155677
610050.0,512980.7248175849
10415034.0,8447498.471146451
13904.0,12305.0
7316187.0,8710688.833805291
1164175.0,11040309.550581975
852091.0,9713804.576985415
5371004.0,5010779.023130473
86047.0,89024.49515598094
3292847.0,3970290.3631687597
1312333.0,4394965.198457727
12180000.0,5868518.921886575
4941563.0,5014825.357884286
8851481.0,13115965.540900785
11939346.0,8181018.472000327
115659.0,337783.20675666706
2532768.0,4495021.08699596
2963415.0,3898216.1314488477
18538.0,7088225.431398778
262254.0,7423785.831049667
4443604.11270983,5127024.207614678
263707.0,1114935.7787953762
6125.0,6335.609364125925
8082572.0,14192662.836001525
819084.0,1578321.4558423834
26009403.0,17138931.312807534
274130.0,264923.359107148
292850.0,984665.4040564649
1386756.0,1097347.6667710785
2244749.0,2784518.7894297065
38335.0,30148.924970121425
1802724.0,3440354.6577567947
14586369.0,14586369.0
400060.0,4986227.732304682
1489698.0,1518064.3293460323
631958.0,25778037.502173
1522668.0,1119987.7837654022
2126022.0,1914325.0078661814
452663.0,62919.61995586906
5454559.0,3753576.7610810753
190504.0,174007.76614056583
167144.0,999500.4560160892
1773083.0,3250283.4227309288
3702888.0,3959118.734491153
30093013.0,24688808.187660355
13931946.0,11542068.882341933
2405498.0,2380919.0381549103
8968715.0,8050885.468244624
7154722.0,7157604.122452128
106176.0,5236196.654000351
383166.0,9978568.724892642
8067142.0,8143579.324563805
2459757.0,1650761.4687579959
12553086.0,12614910.0
272916.0,9177565.331966136
388081.0,403994.5007289222
92561.0,985877.3518807094
8863050.0,8054320.307573143
12754140.0,13366566.00765535
2531077.0,2283884.254732726
1804320.0,1797511.8210916545
430024.0,12420659.402310213
5177.0,9846.488695678858
8645154.0,6561397.298098873
2575973.0,1898272.377702156
7717542.0,4976565.771097312
11960936.0,10669982.751760453
22089942.0,2972508.4398785937
219562.0,1839854.5616227665
8583456.0,16285832.325305995
2489970.0,1908481.5670179487
10526194.0,1824797.0210614013
68922.0,77472.0842457816
2124906.0,507619.2079493398
1157805.0,612999.9190531353
74743.0,111830.46277144807
11023572.0,11141217.058270378
57014.0,610055.7292459777
15419586.0,10194931.983540073
16000.0,16000.0
2836596.0,2709889.4866315317
2456600.0,4035191.335635295
13128045.0,6748204.830155163
5358108.0,4997755.902365655
1475166.0,2033642.9208566353
94660.0,86471.41071592654
15088962.0,16265802.0
1681369.29278543,1929748.2144403544
8641.0,11197.0152195136
25454.0,28258.551357258573
90422.0,127588.02069029532
1643040.0,3872637.1534101944
56642.0,72472.85400691305
13668144.0,13724990.316331374
76062.0,80136.0
2748701.0,2519622.5711707273
4581381.0,4552059.287896115
13461042.0,17384844.509041954
9783811.0,8928302.700499516
1108170.0,1832686.532058494
6397608.0,5951602.985619997
16000.0,16000.000000000005
2351146.0,2152329.2687292616
10893318.0,7831493.251064589
17840760.0,9324406.477553444
8021160.0,8297270.479006834
104509.0,309856.9823118638
70824.0,147195.73055268772
3951738.0,3832043.0049691238
5364263.75,5653614.414939175
5851923.0,12620855.143663302
2838239.0,5580300.668740884
2198826.0,3452726.1919504413
61530.0,44378.09486234493
3663450.0,4013612.032304716
105767.0,9474421.868608538
2520.0,13692.0
10703097.0,7381503.080814001
2149937.0,2699653.7280288776
741090.0,19171243.816600025
90130.0,7254640.088852695
125443.0,5865120.870848451
579558.0,519676.776223886
2562168.0,2214627.805204122
114842.0,92256.97374680212
897372.0,2687511.491255436
5959729.0,5297168.739709362
6594094.0,5224704.422351677
1764042.0,1815960.2661601524
47280.0,35440.333333333336
468464.0,457614.15762201033
8838726.0,7738909.848904784
7909238.0,7814638.193499128
115794.0,91590.11181510267
3811962.0,6229197.308615932
178300.0,86316.45544289061
118902.0,64552.02836458679
9831066.0,8744098.911549563
4100108.0,6145549.0012555905
5517498.0,4967236.238828604
6545784.0,9344024.950890303
8601726.0,7372912.810403338
154560.0,53331.91747681618
2101227.0,2162638.365017724
2986322.0,5253489.756398431
3702238.0,4335046.924486285
12433650.0,9886257.956689667
40118.0,136149.89401430916
4217682.0,4777092.6391561115
6653419.0,6557798.022865183
145557.0,129875.88551961289
20811516.0,12700944.279312069
2265859.0,3408777.9385033017
13105852.408,8121226.216777111
10629.0,8064.0
19253.0,5831069.095232285
14845467.0,8893945.153313626
15189228.18,15842502.633585636
16916046.0,8637203.784765732
9298944.0,8054526.655883521
825930.0,1190015.2233461912
199231.0,224629.7701002828
76860.0,2628740.25603009
7799378.0,9474298.918924334
7678566.0,7773580.655341132
10176710.0,8658155.697232889
14489832.0,12256420.760802275
841813.0,1536221.1634013692
286272.0,1271714.3405331473
7286.0,18455.0
3379824.0,2774091.909622949
882294.0,8204713.5440560235
837292.0,1530493.8239904253
2168838.0,3672944.2042556275
2024904.0,2024904.0
921648.0,1340209.0457126684
9891378.0,9348982.685203565
25056.0,2170238.985686239
904286.0,1004421.4490674487
13308792.0,9065708.79142807
6182694.0,6619017.350506807
17625.0,4892.950866617837
6030262.0,9378001.339237295
90000.0,29618.97528582485
62076.0,193130.14705509355
11114803.0,5670375.91056075
123483.0,7022049.215294834
2765608.0,2826063.389598877
468584.0,5768825.481343974
7078207.0,6085609.880456007
26960.0,50203.40008194457
226002.0,155064.0
12315301.0,8262330.781582379
10093984.0,10168854.197640087
419533.0,1642771.5203464387
1609050.0,3659244.254367254
20076042.0,16422007.067864576
1224729.0,5469545.54751317
11806284.0,9740064.840669004
22260.0,1906130.0958098138
4483184.0,4739310.760504586
6061409.0,4333654.2588462345
5041437.0,12364489.793517277
693000.0,4941637.820580874
16287317.0,17068381.123800572
9994076.0,15945575.377853917
6879328.0,5095623.963753752
4055022.0,4426118.753536079
4130307.0,5195854.658762597
85917.0,601526.6261408938
306348.0,780347.3055720009
11686668.0,11862060.0
28385.0,1077514.43987387
21485394.0,20723388.75387187
6898942.0,8518100.103466168
9221730.0,8953482.908351213
2638901.0,17474246.124015428
5130258.0,4081755.0000617662
14851284.0,10928814.914159935
4094779.0,4112117.924745903
1738548.0,1966816.8563989871
1623510.0,1549677.320309927
3069814.0,3387721.2563456357
4395.0,26938.75736357582
11894946.0,6425225.346852508
4445386.0,661967.6615280362
4860842.0,4932886.106224265
5627664.0,7099887.187729691
4764015.69616861,5756122.9758258285
1495914.0,2274832.6638515233
3156204.0,3129021.4618895315
7755930.0,6737497.295269838
1756787.0,2621339.8728322783
19026.0,30294.040329224652
760497.0,1099414.631345164
1373877.0,2427036.779831468
5055498.0,5832945.268132339
4090.0,6862.554754116013
